{
  "depths": [
    2,
    4,
    6,
    8,
    10,
    12
  ],
  "baseline": {
    "train_loss": [
      0.37896020502886374,
      0.28409031579745003,
      0.20975888150627184,
      0.14905683141103152,
      0.1061823181939978,
      0.078260754196111
    ],
    "val_loss": [
      0.37893766334340867,
      0.28490098385022194,
      0.21337870799771622,
      0.15340871694454697,
      0.1110916488420565,
      0.08377825596896957
    ],
    "train_acc": [
      0.8303083333333333,
      0.8868958333333333,
      0.9245458333333333,
      0.9535916666666666,
      0.9700166666666666,
      0.979325
    ],
    "val_acc": [
      0.8315,
      0.8862,
      0.9211333333333334,
      0.9508,
      0.9672333333333333,
      0.9763333333333334
    ]
  },
  "optimized": {
    "train_loss": [
      0.3524537723733217,
      0.24425728093365479,
      0.17761831252607557,
      0.10486614479537087,
      0.06962788658278016,
      0.04534822715284702
    ],
    "val_loss": [
      0.3523670953624297,
      0.24619339900916276,
      0.18159743794170208,
      0.1098994173067101,
      0.07630210224877192,
      0.05227898534688665
    ],
    "train_acc": [
      0.8497541666666667,
      0.9039791666666667,
      0.9398125,
      0.9690916666666667,
      0.9817,
      0.9883
    ],
    "val_acc": [
      0.8504,
      0.9019,
      0.9359333333333333,
      0.9679333333333333,
      0.9781666666666666,
      0.9857
    ]
  },
  "learning_curve": {
    "sizes": [
      0.1,
      0.25,
      0.5,
      0.75,
      1.0
    ],
    "samples": [
      24000,
      60000,
      120000,
      180000,
      240000
    ],
    "train_loss": [
      0.10051522129832148,
      0.10179644005040053,
      0.10139485680132584,
      0.10688890832321718,
      0.10486614479537087
    ],
    "val_loss": [
      0.12637624120133306,
      0.11553466702110878,
      0.11062117210524591,
      0.11339834043375219,
      0.1098994173067101
    ],
    "train_acc": [
      0.9728333333333333,
      0.9711833333333333,
      0.9701666666666666,
      0.9688277777777777,
      0.9690916666666667
    ],
    "val_acc": [
      0.9583,
      0.9632666666666667,
      0.965,
      0.9642,
      0.9679333333333333
    ]
  }
}