{
  "threshold": 0.7500000000000002,
  "partitions": {
    "train": {
      "count": 348142,
      "accuracy": 0.9735740014132165,
      "precision": 0.9832914153050636,
      "recall": 0.9635206323856358,
      "f1": 0.97330563309173,
      "roc_auc": 0.9976463279460288,
      "fpr": 0.016372629559202854,
      "confusion_matrix": [
        [
          171221,
          2850
        ],
        [
          6350,
          167721
        ]
      ]
    },
    "val": {
      "count": 43518,
      "accuracy": 0.9703111356220414,
      "precision": 0.9798827667057445,
      "recall": 0.9603382508387334,
      "f1": 0.9700120694457339,
      "roc_auc": 0.9971458625995031,
      "fpr": 0.01971597959465049,
      "confusion_matrix": [
        [
          21330,
          429
        ],
        [
          863,
          20896
        ]
      ]
    },
    "test": {
      "count": 43518,
      "accuracy": 0.9701502826416655,
      "precision": 0.9813664596273292,
      "recall": 0.9584999310630085,
      "f1": 0.969798423659064,
      "roc_auc": 0.997402295070723,
      "fpr": 0.018199365779677373,
      "confusion_matrix": [
        [
          21363,
          396
        ],
        [
          903,
          20856
        ]
      ]
    },
    "entire_dataset": {
      "count": 435178,
      "accuracy": 0.9729053398839096,
      "precision": 0.9827584589111791,
      "recall": 0.9627003203286931,
      "f1": 0.9726259875515686,
      "roc_auc": 0.9975736250458589,
      "fpr": 0.016889640560873942,
      "confusion_matrix": [
        [
          213914,
          3675
        ],
        [
          8116,
          209473
        ]
      ]
    }
  },
  "timestamp": "2026-07-10T22:32:52.029254"
}